Astro,Year,Start month,Start day,Start hour,Start minute,Start orientation,End month,End day,End hour,End minute,End orientation,,,,
Sun,Year: 2100 BC,6,24,18,0,-60.33431767,6,24,18,24,-56.74850586,,6.541411765,,8.33431767
Sun,Year: 2100 BC,12,20,6,45,122.274682,12,20,7,4,125.2120088,,4.2566546,,5.725318
Equinoxes/Solstices:,March equinox: ,22/3 - 12:40,Summer solstice: ,24/6 - 19:8,September equinox: ,23/9 - 4:11,Winter solstice: ,20/12 - 20:56,,,,,,,
Ideal orientations:,March equinox: ,,Summer solstice: ,119.6656823,September equinox: ,,Winter solstice: ,302.2880602,,,,,,,
Site orientation:,128,,,,,,,,,,,,,,
