Astro,Year,Start month,Start day,Start hour,Start minute,Start orientation,End month,End day,End hour,End minute,End orientation,,,,
Sun,Year: 2700 BC,6,24,17,58,-60.36597047,6,24,18,22,-56.7858062,,6.575888338,,8.365970472
Sun,Year: 2700 BC,12,20,6,47,122.3088536,12,20,7,6,125.2449097,,4.223118361,,5.691146419
Equinoxes/Solstices:,March equinox: ,22/3 - 8:58,Summer solstice: ,24/6 - 12:19,September equinox: ,22/9 - 9:6,Winter solstice: ,20/12 - 4:41,,,,,,,
Ideal orientations:,March equinox: ,,Summer solstice: ,119.6340295,September equinox: ,,Winter solstice: ,302.3088536,,,,,,,
Site orientation:,128,,,,,,,,,,,,,,
