Astro,Year,Start month,Start day,Start hour,Start minute,Start orientation,End month,End day,End hour,End minute,End orientation,,,,
Sun,Year: 3000 BC,6,24,17,57,-60.35515181,6,24,18,22,-56.62367907,,6.489415442,,8.355151811
Sun,Year: 3000 BC,12,20,6,47,122.2790538,12,20,7,6,125.2124503,,4.254247959,,5.720946216
Equinoxes/Solstices:,March equinox: ,22/3 - 19:19,Summer solstice: ,24/6 - 20:15,September equinox: ,22/9 - 11:9,Winter solstice: ,20/12 - 8:57,,,,,,,
Ideal orientations:,March equinox: ,,Summer solstice: ,119.6448482,September equinox: ,,Winter solstice: ,302.2790538,,,,,,,
Site orientation:,128,,,,,,,,,,,,,,
