Astro,Year,Start month,Start day,Start hour,Start minute,Start orientation,End month,End day,End hour,End minute,End orientation,,,,
Sun,Year: 3300 BC,6,25,17,57,-60.3253072,6,25,18,22,-56.59500685,,6.460157025,,8.325307198
Sun,Year: 3300 BC,12,20,6,47,122.2604812,12,20,7,7,125.3497022,,4.194908258,,5.73951876
Equinoxes/Solstices:,March equinox: ,23/3 - 5:43,Summer solstice: ,25/6 - 3:41,September equinox: ,22/9 - 12:56,Winter solstice: ,20/12 - 13:29,,,,,,,
Ideal orientations:,March equinox: ,,Summer solstice: ,119.632369,September equinox: ,,Winter solstice: ,302.2743893,,,,,,,
Site orientation:,128,,,,,,,,,,,,,,
