Astro,Year,Start month,Start day,Start hour,Start minute,Start orientation,End month,End day,End hour,End minute,End orientation,,,,
Sun,Year: 3600 BC,6,24,17,56,-60.36825997,6,24,18,21,-56.64181829,,6.505039128,,8.368259969
Sun,Year: 3600 BC,12,19,6,47,122.2517378,12,19,7,7,125.3386928,,4.204784699,,5.748262168
Equinoxes/Solstices:,March equinox: ,22/3 - 16:5,Summer solstice: ,24/6 - 10:35,September equinox: ,21/9 - 14:27,Winter solstice: ,19/12 - 18:15,,,,,,,
Ideal orientations:,March equinox: ,,Summer solstice: ,119.5991026,September equinox: ,,Winter solstice: ,302.2819686,,,,,,,
Site orientation:,128,,,,,,,,,,,,,,
