Astro,Year,Start month,Start day,Start hour,Start minute,Start orientation,End month,End day,End hour,End minute,End orientation,,,,
Sun,Year: 2400 BC,6,24,17,59,-60.3816788,6,24,18,23,-56.80025435,,6.590966571,,8.381678795
Sun,Year: 2400 BC,12,20,6,47,122.3593101,12,20,7,5,125.140807,,4.249941437,,5.640689868
Equinoxes/Solstices:,March equinox: ,21/3 - 22:44,Summer solstice: ,24/6 - 3:56,September equinox: ,22/9 - 6:47,Winter solstice: ,20/12 - 0:41,,,,,,,
Ideal orientations:,March equinox: ,,Summer solstice: ,119.7078297,September equinox: ,,Winter solstice: ,302.3593101,,,,,,,
Site orientation:,128,,,,,,,,,,,,,,
