Astro,Year,Start month,Start day,Start hour,Start minute,Start orientation,End month,End day,End hour,End minute,End orientation,,,,
Sun,Year: 3000 BC,3,22,4,59,88.952337,3,22,5,27,93.05177734,,0.997942827,,3.047662998
Sun,Year: 3000 BC,9,22,4,47,88.40362863,9,22,5,15,92.51322055,,1.541575409,,3.596371371
Equinoxes/Solstices:,March equinox: ,22/3 - 19:19,Summer solstice: ,24/6 - 20:15,September equinox: ,22/9 - 11:9,Winter solstice: ,20/12 - 8:57,,,,,,,
Ideal orientations:,March equinox: ,268.4716874,Summer solstice: ,,September equinox: ,268.4036286,Winter solstice: ,,,,,,,,
Site orientation:,92,,,,,,,,,,,,,,
