Astro,Year,Start month,Start day,Start hour,Start minute,Start orientation,End month,End day,End hour,End minute,End orientation,,,,
Sun,Year: 3600 BC,3,22,4,56,88.936932,3,22,5,24,93.03578653,,1.013640731,,3.063067997
Sun,Year: 3600 BC,9,21,4,50,88.39740881,9,21,5,18,92.5057007,,1.548445245,,3.602591189
Equinoxes/Solstices:,March equinox: ,22/3 - 16:5,Summer solstice: ,24/6 - 10:35,September equinox: ,21/9 - 14:27,Winter solstice: ,19/12 - 18:15,,,,,,,
Ideal orientations:,March equinox: ,268.4645309,Summer solstice: ,,September equinox: ,268.938642,Winter solstice: ,,,,,,,,
Site orientation:,92,,,,,,,,,,,,,,
