Astro,Year,Start month,Start day,Start hour,Start minute,Start orientation,End month,End day,End hour,End minute,End orientation,,,,
Sun,Year: 2700 BC,3,22,5,0,88.8047676,3,22,5,28,92.90436568,,1.145433362,,3.195232402
Sun,Year: 2700 BC,9,22,4,46,88.46906173,9,22,5,14,92.57947874,,1.475729768,,3.530938275
Equinoxes/Solstices:,March equinox: ,22/3 - 8:58,Summer solstice: ,24/6 - 12:19,September equinox: ,22/9 - 9:6,Winter solstice: ,20/12 - 4:41,,,,,,,
Ideal orientations:,March equinox: ,268.8047676,Summer solstice: ,,September equinox: ,268.4690617,Winter solstice: ,,,,,,,,
Site orientation:,92,,,,,,,,,,,,,,
