Astro,Year,Start month,Start day,Start hour,Start minute,Start orientation,End month,End day,End hour,End minute,End orientation,,,,
Sun,Year: 2400 BC,3,21,5,3,89.14986925,3,21,5,30,93.10194714,,0.874091802,,2.850130747
Sun,Year: 2400 BC,9,22,4,45,88.53880352,9,22,5,13,92.64892629,,1.406135094,,3.461196482
Equinoxes/Solstices:,March equinox: ,21/3 - 22:44,Summer solstice: ,24/6 - 3:56,September equinox: ,22/9 - 6:47,Winter solstice: ,20/12 - 0:41,,,,,,,
Ideal orientations:,March equinox: ,268.6661108,Summer solstice: ,,September equinox: ,268.5388035,Winter solstice: ,,,,,,,,
Site orientation:,92,,,,,,,,,,,,,,
