Astro,Year,Start month,Start day,Start hour,Start minute,Start orientation,End month,End day,End hour,End minute,End orientation,,,,
Sun,Year: 2100 BC,3,22,5,3,88.88463347,3,22,5,31,92.98294733,,1.066209599,,3.115366526
Sun,Year: 2100 BC,9,23,4,44,88.6143057,9,23,5,12,92.7240808,,1.330806751,,3.385694298
Equinoxes/Solstices:,March equinox: ,22/3 - 12:40,Summer solstice: ,24/6 - 19:8,September equinox: ,23/9 - 4:11,Winter solstice: ,20/12 - 20:56,,,,,,,
Ideal orientations:,March equinox: ,268.4037832,Summer solstice: ,,September equinox: ,268.6143057,Winter solstice: ,,,,,,,,
Site orientation:,92,,,,,,,,,,,,,,
