Astro,Year,Start month,Start day,Start hour,Start minute,Start orientation,End month,End day,End hour,End minute,End orientation,,,,
Sun,Year: 3300 BC,3,23,4,57,88.7724351,3,23,5,24,92.72471482,,1.251425042,,3.227564899
Sun,Year: 3300 BC,9,22,4,49,88.47683053,9,22,5,16,92.43897663,,1.542096418,,3.523169468
Equinoxes/Solstices:,March equinox: ,23/3 - 5:43,Summer solstice: ,25/6 - 3:41,September equinox: ,22/9 - 12:56,Winter solstice: ,20/12 - 13:29,,,,,,,
Ideal orientations:,March equinox: ,268.7724351,Summer solstice: ,,September equinox: ,268.8664705,Winter solstice: ,,,,,,,,
Site orientation:,92,,,,,,,,,,,,,,
